{
  "windows": [
    {
      "name": "window1",
      "train_end": 2020,
      "val_year": 2021,
      "test_year": 2022,
      "train_rows": 4999,
      "val_rows": 2543,
      "test_rows": 2756,
      "scale_pos_weight": 1.4589276930644368,
      "auc_pr": 0.8515316166739527,
      "f1": 0.7593342330184435,
      "precision": 0.7984862819299905,
      "recall": 0.7238421955403087,
      "confusion_matrix": [
        [
          1377,
          213
        ],
        [
          322,
          844
        ]
      ]
    },
    {
      "name": "window2",
      "train_end": 2021,
      "val_year": 2022,
      "test_year": 2023,
      "train_rows": 7542,
      "val_rows": 2756,
      "test_rows": 2261,
      "scale_pos_weight": 1.7707567964731814,
      "auc_pr": 0.835232878550448,
      "f1": 0.694781233526621,
      "precision": 0.7930204572803851,
      "recall": 0.6181988742964353,
      "confusion_matrix": [
        [
          1023,
          172
        ],
        [
          407,
          659
        ]
      ]
    },
    {
      "name": "window3",
      "train_end": 2022,
      "val_year": 2023,
      "test_year": 2024,
      "train_rows": 10298,
      "val_rows": 2261,
      "test_rows": 5958,
      "scale_pos_weight": 1.6486625514403292,
      "auc_pr": 0.6910143949970464,
      "f1": 0.6209410205434063,
      "precision": 0.6904937361827561,
      "recall": 0.5641180012040939,
      "confusion_matrix": [
        [
          3877,
          420
        ],
        [
          724,
          937
        ]
      ]
    }
  ],
  "summary": {
    "mean_auc_pr": 0.792592963407149,
    "std_auc_pr": 0.07213444108648366,
    "mean_f1": 0.691685495696157,
    "std_f1": 0.05654118268617088
  }
}