{
  "model": "kmeans",
  "auc_pr": 0.48723364585074613,
  "f1": 0.06079664570230608,
  "precision": 0.8285714285714286,
  "recall": 0.031556039173014146,
  "confusion_matrix": [
    [
      2161,
      6
    ],
    [
      890,
      29
    ]
  ],
  "n_clusters": 4,
  "suspicious_cluster": 2,
  "cluster_profiles": [
    {
      "kmeans_cluster": 0,
      "insider_total_trades": 217.21034610516253,
      "insider_avg_trade_value": 850438.1159426771,
      "insider_buy_sell_ratio": 0.0024961462567951206,
      "insider_tenure_days": 649.8354612626257,
      "role_seniority": 4.2,
      "trade_frequency_90d": 1.8342001815708322,
      "pct_position_traded": 0.14290919766120005,
      "buy_count_90d": 26.022019612137797,
      "sell_count_90d": 55.39157722399754,
      "informed_rate": 0.21684053651266766
    },
    {
      "kmeans_cluster": 1,
      "insider_total_trades": 28.797146554268895,
      "insider_avg_trade_value": 2053949.1659460892,
      "insider_buy_sell_ratio": 0.08864749849835306,
      "insider_tenure_days": 710.5094537596156,
      "role_seniority": 3.2736775813850914,
      "trade_frequency_90d": 0.10760907657209899,
      "pct_position_traded": 0.18497328826955026,
      "buy_count_90d": 2.523690351148337,
      "sell_count_90d": 2.109387670716279,
      "informed_rate": 0.4213580963435868
    },
    {
      "kmeans_cluster": 2,
      "insider_total_trades": 7.493981702677354,
      "insider_avg_trade_value": 1422753.214356291,
      "insider_buy_sell_ratio": 0.4144274618059784,
      "insider_tenure_days": 387.38138623714076,
      "role_seniority": 2.565056360708535,
      "trade_frequency_90d": 0.03284644796437917,
      "pct_position_traded": 0.35110774789436344,
      "buy_count_90d": 0.9737015802233194,
      "sell_count_90d": 0.342924126172208,
      "informed_rate": 0.9013761467889908
    },
    {
      "kmeans_cluster": 3,
      "insider_total_trades": 24.413636363636364,
      "insider_avg_trade_value": 2291300896.3828335,
      "insider_buy_sell_ratio": 0.06704545454545455,
      "insider_tenure_days": 631.55,
      "role_seniority": 3.5,
      "trade_frequency_90d": 0.07575757575757573,
      "pct_position_traded": 0.2959319568028153,
      "buy_count_90d": 0.4727272727272727,
      "sell_count_90d": 2.590909090909091,
      "informed_rate": 0.4406779661016949
    }
  ],
  "feature_columns_used": [
    "insider_total_trades",
    "insider_avg_trade_value",
    "insider_buy_sell_ratio",
    "insider_tenure_days",
    "role_seniority",
    "trade_frequency_90d",
    "pct_position_traded",
    "buy_count_90d",
    "sell_count_90d"
  ]
}