{
  "model": "xgboost",
  "auc_pr": 0.8865420100467464,
  "f1": 0.8581510232886379,
  "precision": 0.8042328042328042,
  "recall": 0.9198184568835098,
  "confusion_matrix": [
    [
      1910,
      148
    ],
    [
      53,
      608
    ]
  ],
  "best_params": {
    "max_depth": 3,
    "learning_rate": 0.1,
    "n_estimators": 200,
    "subsample": 1.0,
    "scale_pos_weight": 2.411820781696854,
    "val_auc_pr": 0.9333188106780276
  }
}