{
  "model": "isolation_forest",
  "auc_pr": 0.18703344823767779,
  "f1": 0.3726635514018692,
  "precision": 0.24599961442066706,
  "recall": 0.7682119205298014,
  "best_contamination": 0.05,
  "best_threshold": 0.1,
  "confusion_matrix": [
    [
      386,
      3911
    ],
    [
      385,
      1276
    ]
  ],
  "val_auc_pr": 0.48675577800267755,
  "val_f1": 0.5947480482611781
}