{
  "model": "xgboost",
  "auc_pr": 0.6900370119744812,
  "f1": 0.619960343688037,
  "precision": 0.6871794871794872,
  "recall": 0.5647200481637568,
  "confusion_matrix": [
    [
      3870,
      427
    ],
    [
      723,
      938
    ]
  ],
  "best_params": {
    "max_depth": 7,
    "learning_rate": 0.05,
    "n_estimators": 100,
    "subsample": 0.8,
    "scale_pos_weight": 1.6486625514403292,
    "val_auc_pr": 0.8758624041413569
  }
}