{
  "model": "gaussian_naive_bayes",
  "auc_pr": 0.6150004976081174,
  "f1": 0.5471110045552625,
  "precision": 0.4545816733067729,
  "recall": 0.686935580975316,
  "best_threshold": 0.05,
  "confusion_matrix": [
    [
      2928,
      1369
    ],
    [
      520,
      1141
    ]
  ],
  "val_best_f1": 0.6541019955654102
}