{
  "model": "kmeans",
  "auc_pr": 0.5130378304862533,
  "f1": 0.20235546038543897,
  "precision": 0.9130434782608695,
  "recall": 0.11378687537627935,
  "confusion_matrix": [
    [
      4279,
      18
    ],
    [
      1472,
      189
    ]
  ],
  "n_clusters": 4,
  "suspicious_cluster": 0,
  "cluster_profiles": [
    {
      "kmeans_cluster": 0,
      "insider_total_trades": 8.095952119488004,
      "insider_avg_trade_value": 2311504.376663753,
      "insider_buy_sell_ratio": 0.4274725649172517,
      "insider_tenure_days": 408.29308981014753,
      "role_seniority": 2.347749318410102,
      "trade_frequency_90d": 0.03169471153237788,
      "pct_position_traded": 0.3104695590571549,
      "buy_count_90d": 0.8315393150041235,
      "sell_count_90d": 0.37724617009902706,
      "informed_rate": 0.7569786535303776
    },
    {
      "kmeans_cluster": 1,
      "insider_total_trades": 25.10960190974282,
      "insider_avg_trade_value": 2816937.0990161435,
      "insider_buy_sell_ratio": 0.10580165497636279,
      "insider_tenure_days": 655.6405061768813,
      "role_seniority": 3.4276568598111896,
      "trade_frequency_90d": 0.10159413549276447,
      "pct_position_traded": 0.20238372287515796,
      "buy_count_90d": 2.4379439760401485,
      "sell_count_90d": 1.9212713064468097,
      "informed_rate": 0.39584578601315
    },
    {
      "kmeans_cluster": 2,
      "insider_total_trades": 266.1957207073585,
      "insider_avg_trade_value": 4063816.3545943922,
      "insider_buy_sell_ratio": 0.002164552816157366,
      "insider_tenure_days": 612.3980076546873,
      "role_seniority": 4.309523809523809,
      "trade_frequency_90d": 1.9752823945451707,
      "pct_position_traded": 0.1191070001649509,
      "buy_count_90d": 21.685016343448165,
      "sell_count_90d": 65.65458183053492,
      "informed_rate": 0.12494632889652212
    },
    {
      "kmeans_cluster": 3,
      "insider_total_trades": 24.413636363636364,
      "insider_avg_trade_value": 2291300896.3828335,
      "insider_buy_sell_ratio": 0.06704545454545455,
      "insider_tenure_days": 631.55,
      "role_seniority": 3.5,
      "trade_frequency_90d": 0.07575757575757573,
      "pct_position_traded": 0.2959319568028153,
      "buy_count_90d": 0.4727272727272727,
      "sell_count_90d": 2.590909090909091,
      "informed_rate": 0.4406779661016949
    }
  ],
  "feature_columns_used": [
    "insider_total_trades",
    "insider_avg_trade_value",
    "insider_buy_sell_ratio",
    "insider_tenure_days",
    "role_seniority",
    "trade_frequency_90d",
    "pct_position_traded",
    "buy_count_90d",
    "sell_count_90d"
  ]
}