{
  "model": "fuzzy",
  "auc_pr": 0.7796130392772294,
  "f1": 0.7096565132858069,
  "precision": 0.7684210526315789,
  "recall": 0.6592414208308248,
  "confusion_matrix": [
    [
      3967,
      330
    ],
    [
      566,
      1095
    ]
  ],
  "threshold_used": 0.5,
  "mean_score_routine": 0.2783274629679813,
  "mean_score_opportunistic": 0.5694067197017247
}