{
  "model": "isolation_forest",
  "auc_pr": 0.20499917019927705,
  "f1": 0.4260479831268125,
  "precision": 0.28114126652748783,
  "recall": 0.8792165397170838,
  "best_contamination": 0.05,
  "best_threshold": 0.1,
  "confusion_matrix": [
    [
      101,
      2066
    ],
    [
      111,
      808
    ]
  ],
  "val_auc_pr": 0.5712612904400409,
  "val_f1": 0.6194986072423397
}