{
  "model": "gaussian_naive_bayes",
  "auc_pr": 0.8093171071424842,
  "f1": 0.70902394106814,
  "precision": 0.9058823529411765,
  "recall": 0.5824508320726173,
  "best_threshold": 0.05,
  "confusion_matrix": [
    [
      2018,
      40
    ],
    [
      276,
      385
    ]
  ],
  "val_best_f1": 0.9183673469387756
}