{
  "model": "gaussian_naive_bayes",
  "auc_pr": 0.3479981349388681,
  "f1": 0.49655731065208586,
  "precision": 0.39548387096774196,
  "recall": 0.6670293797606094,
  "best_threshold": 0.05,
  "confusion_matrix": [
    [
      1230,
      937
    ],
    [
      306,
      613
    ]
  ],
  "val_best_f1": 0.6926994906621392
}