{
  "model": "fuzzy",
  "auc_pr": 0.7478481164510666,
  "f1": 0.6806670784434836,
  "precision": 0.7871428571428571,
  "recall": 0.5995647442872688,
  "confusion_matrix": [
    [
      2018,
      149
    ],
    [
      368,
      551
    ]
  ],
  "threshold_used": 0.5,
  "mean_score_routine": 0.26960526433246534,
  "mean_score_opportunistic": 0.5314625499714921
}