{
  "model": "fuzzy",
  "auc_pr": 0.7122429687159864,
  "f1": 0.6417777777777778,
  "precision": 0.7780172413793104,
  "recall": 0.546142208774584,
  "confusion_matrix": [
    [
      1955,
      103
    ],
    [
      300,
      361
    ]
  ],
  "threshold_used": 0.5,
  "mean_score_routine": 0.26092598691203867,
  "mean_score_opportunistic": 0.5006092076536391
}