{
  "model": "gaussian_naive_bayes",
  "auc_pr": 0.5971624667026078,
  "f1": 0.5255366395262768,
  "precision": 0.5144927536231884,
  "recall": 0.5370650529500757,
  "best_threshold": 0.9500000000000001,
  "confusion_matrix": [
    [
      1723,
      335
    ],
    [
      306,
      355
    ]
  ],
  "val_best_f1": 0.7178082191780821
}