{
  "model": "xgboost",
  "auc_pr": 0.6649532243145218,
  "f1": 0.6113924050632912,
  "precision": 0.7307110438729199,
  "recall": 0.5255712731229597,
  "confusion_matrix": [
    [
      1989,
      178
    ],
    [
      436,
      483
    ]
  ],
  "best_params": {
    "max_depth": 7,
    "learning_rate": 0.1,
    "n_estimators": 100,
    "subsample": 1.0,
    "scale_pos_weight": 1.4435707678075855,
    "val_auc_pr": 0.9038545541514028
  }
}