{
  "model": "isolation_forest",
  "auc_pr": 0.19672501262059106,
  "f1": 0.3023057216054654,
  "precision": 0.21058893515764426,
  "recall": 0.5355521936459909,
  "best_contamination": 0.2,
  "best_threshold": 0.7500000000000002,
  "confusion_matrix": [
    [
      731,
      1327
    ],
    [
      307,
      354
    ]
  ],
  "val_auc_pr": 0.7234134603939351,
  "val_f1": 0.5970588235294118
}